,text/prediction,text/prediction,text/prediction,text/prediction,text/prediction,text/prediction,text/prediction,text/prediction,text/prediction,text/prediction,text/prediction,text/prediction,text/prediction,text/prediction,text/prediction,text/prediction,text/prediction,text/prediction,text/prediction,text/prediction,text/prediction,text/prediction,text/prediction,text/prediction,text/prediction,text/prediction,text/prediction,text/prediction,text/prediction,text/prediction,text/prediction,text/prediction,text/prediction,text/prediction,text/prediction,text/prediction,text/prediction,text/prediction,text/prediction,text/prediction,text/prediction,text/prediction,text/prediction,text/prediction,text/prediction,text/prediction,text/prediction,text/prediction,text/prediction,text/prediction,text/prediction,text/prediction,text/prediction,text/prediction,text/prediction,text/prediction,text/prediction,text/prediction,text/prediction,text/prediction,text/prediction,text/prediction,text/prediction,text/prediction,text/prediction,text/prediction,text/prediction,text/prediction,text/prediction,text/prediction,text/prediction,text/prediction,text/prediction,text/prediction,text/prediction,text/prediction,text/prediction,text/prediction,text/prediction,text/prediction,text/prediction,text/prediction,text/prediction,text/prediction,text/prediction,text/prediction,text/prediction,text/prediction,text/prediction,text/prediction,text/prediction,text/prediction,text/prediction,text/prediction,text/prediction,text/prediction,text/prediction,text/prediction,text/prediction,text/prediction,text/prediction,text/prediction,text/prediction,text/prediction,text/prediction,text/prediction,text/prediction,text/prediction,text/prediction,text/prediction,text/prediction,text/prediction,text/prediction,text/prediction,text/prediction,text/prediction,text/prediction,text/prediction,text/prediction,text/prediction,text/prediction,text/prediction,text/prediction,text/prediction,text/prediction,text/prediction,text/prediction,text/prediction,text/prediction,text/prediction,text/prediction,text/prediction,text/prediction,text/prediction,text/prediction,text/prediction,text/prediction,text/prediction,text/prediction,text/prediction,text/prediction,text/prediction,text/prediction,text/prediction,text/prediction,text/prediction,text/prediction,text/prediction,text/prediction,text/prediction,text/prediction,text/prediction,text/prediction,text/prediction,text/prediction,text/prediction,text/prediction,text/prediction,text/prediction,text/prediction,text/prediction,text/prediction,text/prediction,text/prediction,text/prediction,text/prediction,text/prediction,text/prediction,text/prediction,text/prediction,text/prediction,text/prediction,text/prediction,text/prediction,text/prediction,text/prediction,text/prediction,text/prediction,text/prediction,text/prediction,text/prediction,text/prediction,text/prediction,text/prediction,text/prediction,text/prediction,text/prediction,text/prediction,text/prediction,text/prediction,text/prediction,text/prediction,text/prediction,text/prediction,text/prediction,text/prediction,text/prediction,text/prediction,text/prediction,text/prediction,text/prediction,text/prediction,text/prediction,text/prediction,text/prediction,text/prediction,text/prediction,text/prediction,text/prediction,text/prediction,text/prediction,text/prediction,text/prediction,text/prediction,text/prediction,text/prediction,text/prediction,text/prediction,text/prediction,text/prediction,text/prediction,text/prediction,text/prediction,text/prediction,text/prediction,text/prediction,text/prediction,text/prediction,text/prediction,text/prediction,text/prediction,text/prediction,text/prediction,text/prediction,text/prediction,text/prediction,text/prediction,text/prediction,text/prediction,text/prediction,text/prediction,text/prediction,text/prediction,text/prediction,text/prediction,text/prediction,text/prediction,text/prediction,text/prediction,text/prediction,text/prediction,text/prediction,text/prediction,text/prediction,text/prediction,text/prediction,text/prediction,text/prediction,text/prediction,text/prediction,text/prediction,text/prediction,text/prediction,text/prediction,text/prediction,text/prediction,text/prediction,text/prediction,text/prediction,text/prediction,text/prediction,text/prediction,text/prediction,text/prediction,text/prediction,text/prediction,text/prediction,text/prediction,text/prediction,text/prediction,text/prediction,text/prediction,text/prediction,text/prediction,text/prediction,text/prediction,text/prediction,text/prediction,text/prediction,text/prediction,text/prediction,text/prediction,text/prediction,text/prediction,text/prediction,text/prediction,text/prediction,text/prediction,text/prediction,text/prediction,text/prediction,text/prediction,text/prediction,text/prediction,text/prediction,text/prediction,text/prediction,text/prediction,text/prediction,text/prediction,text/prediction,text/prediction,text/prediction,text/prediction,text/prediction,text/prediction,text/prediction,text/prediction,text/prediction,text/prediction,text/prediction,text/prediction,text/prediction,text/prediction,text/prediction,text/prediction,text/prediction,text/prediction,text/prediction,text/prediction,text/prediction,text/prediction,text/prediction,text/prediction,text/prediction,text/prediction,text/prediction,text/prediction,text/prediction,text/prediction,text/prediction,text/prediction,text/prediction,text/prediction,text/prediction,text/prediction,text/prediction,text/prediction,text/prediction,text/prediction,text/prediction,text/prediction,text/prediction,text/prediction,text/prediction,text/prediction,text/prediction,text/prediction,text/prediction,text/prediction,text/prediction,text/prediction,text/prediction,text/prediction,text/prediction,text/prediction,text/prediction,text/prediction,text/prediction,text/prediction,text/prediction,text/prediction,text/prediction,text/prediction,text/prediction,text/prediction,text/prediction,text/prediction,text/prediction,text/prediction,text/prediction,text/prediction,text/prediction,text/prediction,text/prediction,text/prediction,text/prediction,text/prediction,text/prediction,text/prediction,text/prediction,text/prediction,text/prediction,text/prediction,text/prediction,text/prediction,text/prediction,text/prediction,text/prediction,text/prediction,text/prediction,text/prediction,text/prediction,text/prediction,text/prediction,text/prediction,text/prediction,text/prediction,text/prediction,text/prediction,text/prediction,text/prediction,text/prediction,text/prediction,text/prediction,text/prediction,text/prediction,text/prediction,text/prediction,text/prediction,text/prediction,text/prediction,text/prediction,text/prediction,text/prediction,text/prediction,text/prediction,text/prediction,text/prediction,text/prediction,text/prediction,text/prediction,text/prediction,text/prediction,text/prediction,text/prediction,text/prediction,text/prediction,text/prediction,text/prediction,text/prediction,text/prediction,text/prediction,text/prediction,text/prediction,text/prediction,text/prediction,text/prediction,text/prediction,text/prediction,text/prediction,text/prediction,text/prediction,text/prediction,text/prediction,text/prediction,text/prediction,text/prediction,text/prediction,text/prediction,text/prediction,text/prediction,text/prediction,text/prediction,text/prediction,text/prediction,text/prediction,text/prediction,text/prediction,text/prediction,text/prediction,text/prediction,text/prediction,text/prediction,text/prediction,text/prediction,text/prediction,text/prediction,text/prediction,text/prediction,text/prediction,text/prediction,text/prediction,text/prediction,text/prediction,text/prediction,text/prediction,text/prediction,text/prediction,text/prediction,text/prediction,text/prediction,text/prediction,text/prediction,text/prediction,text/prediction,text/prediction,text/prediction,text/prediction,text/prediction,text/prediction,text/prediction,text/prediction,text/prediction,text/prediction,text/prediction,text/prediction,text/prediction,text/prediction,text/prediction,text/prediction,text/prediction
0,字,禹,學,曹,州,人,倜,儻,多,權,略,自,為,諸,生,即,習,武,事,弘,治,十,五,年,進,士,除,刑,部,主,事,有,重,囚,越,獄,人,莫,敢,攖,九,疇,挺,槊,逐,得,之,遂,以,武,健,名,正,德,初,錄,囚,南,畿,忤,劉,瑾,謫,陽,山,知,縣,瑾,敗,復,故,官,歷,郎,中,遷,肅,州,兵,備,副,使,總,督,彭,澤,之,賂,土,魯,番,也,遣,哈,密,都,督,寫,亦,虎,仙,往,九,疇,奮,曰,彭,公,受,天,子,命,制,邊,疆,不,能,身,當,利,害,何,但,模,棱,為,乃,練,卒,伍,繕,營,壘,常,若,臨,大,敵,寫,亦,虎,仙,果,通,賊,番,酋,速,檀,滿,速,兒,犯,嘉,峪,關,遊,擊,芮,寧,敗,死,尋,復,遣,斬,巴,思,等,以,駝,馬,乞,和,而,陰,遺,書,虎,仙,及,其,姻,黨,阿,剌,思,罕,兒,失,拜,煙,答,等,俾,內,應,九,疇,知,賊,計,執,阿,剌,思,罕,兒,及,斬,巴,思,付,獄,通,事,毛,鑒,等,守,之,鑒,等,故,與,通,欲,縱,去,眾,番,皆,伺,隙,為,變,九,疇,覺,之,僇,鑒,等,賊,失,內,應,遂,拔,帳,走,兵,部,尚,書,王,瓊,惡,澤,並,坐,九,疇,失,事,罪,逮,系,法,司,獄,以,失,拜,煙,答,系,死,為,罪,除,其,名,世,宗,即,位,起,故,官,俄,進,陜,西,按,察,使,居,數,月,甘,肅,總,兵,官,李,隆,嗾,部,卒,毆,殺,巡,撫,許,銘,焚,其,屍,乃,擢,九,疇,右,僉,都,御,史,巡,撫,甘,肅,按,驗,銘,事,誅,隆,及,亂,卒,首,事,者,九,疇,抵,鎮,言,額,軍,七,萬,余,存,者,不,及,半,且,多,老,弱,請,令,召,募,詔,可,嘉,靖,三,年,速,檀,滿,速,兒,復,以,二,萬,余,騎,圍,肅,州,九,疇,自,甘,州,晝,夜,馳,入,城,射,賊,賊,多,死,已,又,出,兵,擊,走,之,其,分,掠,甘,州,者,亦,為,總,兵,官,姜,奭,所,敗,論,功,進,副,都,御,史,賚,金,幣,九,疇,上,言,番,賊,敢,入,犯,者,以,我,納,其,朝,貢,縱,商,販,使,得,稔,虛,實,也,寫,亦,虎,仙,逆,謀,已,露,輸,貨,權,門,轉,蒙,寵,幸,以,犯,邊,之,寇,為,來,享,之,賓,邊,臣,怵,利,害,拱,手,聽,命,致,內,屬,番,人,勾,連,接,引,以,至,於,今,今,即,不,能,如
1,O,O,O,O,O,O,O,O,O,O,O,O,B-office-voa,B-office-title,I-office-title,I-office-title,I-office-title,I-office-title,I-office-title,B-date-reign,I-date-reign,B-date-year,I-date-year,O,B-office-voa,B-office-title,I-office-title,I-office-title,I-office-title,I-office-title,I-office-title,I-office-title,I-office-title,I-office-title,I-office-title,I-office-title,I-office-title,I-office-title,I-office-title,I-office-title,I-office-title,I-office-title,I-office-title,I-office-title,I-office-title,I-office-title,I-office-title,I-office-title,I-office-title,I-office-title,I-office-title,I-office-title,B-date-reign,I-date-reign,I-office-title,I-office-title,I-office-title,I-office-title,I-office-title,I-office-title,I-office-title,I-office-title,I-office-title,I-office-title,I-office-title,I-office-title,I-office-title,I-office-title,I-office-title,I-office-title,I-office-title,I-office-title,I-office-title,I-office-title,I-office-title,I-office-title,I-office-title,I-office-title,I-office-title,I-office-title,I-office-title,I-office-title,I-office-title,I-office-title,I-office-title,I-office-title,I-office-title,I-office-title,I-office-title,I-office-title,I-office-title,I-office-title,I-office-title,I-office-title,I-office-title,I-office-title,I-office-title,I-office-title,I-office-title,I-office-title,I-office-title,B-office-voa,B-office-title,I-office-title,I-office-title,I-office-title,I-office-title,I-office-title,I-office-title,I-office-title,I-office-title,I-office-title,I-office-title,I-office-title,I-office-title,I-office-title,I-office-title,I-office-title,I-office-title,I-office-title,I-office-title,I-office-title,I-office-title,I-office-title,O,B-office-voa,B-office-title,I-office-title,I-office-title,I-office-title,I-office-title,I-office-title,I-office-title,I-office-title,I-office-title,I-office-title,I-office-title,I-office-title,I-office-title,I-office-title,I-office-title,I-office-title,I-office-title,I-office-title,I-office-title,I-office-title,I-office-title,I-office-title,I-office-title,I-office-title,I-office-title,I-office-title,I-office-title,I-office-title,I-office-title,I-office-title,I-office-title,I-office-title,I-office-title,I-office-title,I-office-title,I-office-title,I-office-title,I-office-title,I-office-title,I-office-title,I-office-title,I-office-title,I-office-title,O,B-office-title,I-office-title,I-office-title,I-office-title,I-office-title,I-office-title,I-office-title,I-office-title,I-office-title,I-office-title,I-office-title,I-office-title,I-office-title,I-office-title,I-office-title,I-office-title,I-office-title,I-office-title,I-office-title,I-office-title,I-office-title,O,I-office-title,I-office-title,I-office-title,I-office-title,I-office-title,I-office-title,I-office-title,O,O,O,I-office-title,O,O,O,O,O,O,O,O,O,O,O,O,O,O,O,O,O,O,I-office-title,O,I-office-title,O,O,O,O,O,O,O,O,O,O,O,O,O,O,I-office-title,I-office-title,I-office-title,O,O,O,O,O,O,O,O,O,O,O,O,O,O,O,O,O,O,O,O,O,O,O,O,O,O,O,O,O,O,O,B-office-title,I-office-title,I-office-title,I-office-title,I-office-title,I-office-title,B-office-voa,B-office-title,I-office-title,I-office-title,I-office-title,I-office-title,I-office-title,I-office-title,I-office-title,I-office-title,O,O,O,I-office-title,I-office-title,I-office-title,I-office-title,I-office-title,I-office-title,I-office-title,I-office-title,I-office-title,I-office-title,I-office-title,I-office-title,I-office-title,I-office-title,I-office-title,I-office-title,I-office-title,I-office-title,I-office-title,I-office-title,I-office-title,I-office-title,I-office-title,I-office-title,I-office-title,I-office-title,O,I-office-title,O,B-office-voa,B-office-title,I-office-title,I-office-title,I-office-title,I-office-title,I-office-title,I-office-title,I-office-title,I-office-title,I-office-title,I-office-title,I-office-title,I-office-title,I-office-title,I-office-title,I-office-title,I-office-title,I-office-title,I-office-title,I-office-title,I-office-title,I-office-title,I-office-title,I-office-title,I-office-title,I-office-title,I-office-title,I-office-title,I-office-title,I-office-title,I-office-title,I-office-title,I-office-title,I-office-title,I-office-title,I-office-title,I-office-title,I-office-title,I-office-title,I-office-title,I-office-title,I-office-title,I-office-title,I-office-title,I-office-title,I-office-title,I-office-title,I-office-title,B-date-reign,I-date-reign,B-date-year,I-office-title,I-office-title,I-office-title,I-office-title,I-office-title,I-office-title,I-office-title,O,B-office-title,I-office-title,I-office-title,I-office-title,I-office-title,I-office-title,I-office-title,I-office-title,I-office-title,I-office-title,I-office-title,I-office-title,I-office-title,I-office-title,I-office-title,I-office-title,I-office-title,I-office-title,I-office-title,I-office-title,I-office-title,I-office-title,I-office-title,I-office-title,I-office-title,I-office-title,I-office-title,I-office-title,I-office-title,I-office-title,I-office-title,I-office-title,I-office-title,I-office-title,I-office-title,I-office-title,B-office-voa,B-office-title,I-office-title,I-office-title,I-office-title,I-office-title,I-office-title,I-office-title,I-office-title,I-office-title,I-office-title,B-office-title,I-office-title,I-office-title,I-office-title,I-office-title,I-office-title,I-office-title,I-office-title,I-office-title,I-office-title,I-office-title,I-office-title,I-office-title,I-office-title,I-office-title,I-office-title,I-office-title,I-office-title,B-office-title,I-office-title,I-office-title,I-office-title,I-office-title,I-office-title,I-office-title,I-office-title,I-office-title,I-office-title,I-office-title,I-office-title,I-office-title,I-office-title,I-office-title,I-office-title,I-office-title,I-office-title,I-office-title,I-office-title,I-office-title,I-office-title,I-office-title,I-office-title,I-office-title,I-office-title,B-office-voa,B-office-title,I-office-title,I-office-title,I-office-title,B-office-title,I-office-title,I-office-title,I-office-title,B-office-voa,B-office-title,I-office-title,I-office-title,I-office-title,I-office-title,I-office-title,I-office-title,I-office-title,I-office-title,I-office-title,I-office-title,I-office-title,I-office-title,I-office-title,I-office-title,I-office-title,I-office-title,I-office-title,I-office-title,I-office-title,I-office-title,I-office-title,O,B-office-voa,B-office-title,I-office-title,I-office-title,I-office-title,O,0,0
2,字,誌,南,撫,寧,衛,人,正,德,三,年,進,士,除,戶,部,主,事,歷,員,外,郎,中,出,為,衛,輝,知,府,調,開,封,擢,陜,西,副,使,進,按,察,使,性,剛,介,歷,官,以,清,操,聞,嘉,靖,七,年,擢,右,僉,都,御,史,巡,撫,寧,夏,時,邊,政,久,馳,壯,卒,率,占,工,匠,私,役,中,官,家,守,邊,者,並,羸,老,不,任,兵,又,番,休,無,期,甚,者,夫,守,墩,妻,坐,鋪,鵬,至,盡,清,占,役,使,得,叠,更,野,雞,臺,二,十,余,墩,孤,懸,塞,外,久,棄,不,守,鵬,盡,復,之,歲,大,侵,請,於,朝,以,振,坐,寇,入,停,俸,復,坐,劾,總,兵,官,趙,瑛,失,事,為,所,訐,奪,職,歸,二,十,年,八,月,俺,答,入,山,西,內,地,兵,部,請,遣,大,臣,督,軍,儲,因,薦,鵬,乃,起,故,官,整,飭,畿,輔,山,西,河,南,軍,務,兼,督,餉,鵬,馳,至,俺,答,已,飽,去,而,吉,囊,軍,復,寇,汾,石,諸,州,鵬,往,來,馳,驅,不,能,有,所,挫,寇,退,乃,召,還,明,年,三,月,宣,大,總,督,樊,繼,祖,罷,除,鵬,兵,部,右,侍,郎,代,之,上,疏,言,將,吏,遇,被,掠,人,牧,近,塞,宜,多,方,招,徠,殺,降,邀,功,者,宜,罪,寇,入,官,軍,遏,敵,雖,無,功,竟,賴,以,安,者,當,錄,若,賊,眾,我,寡,奮,身,戰,雖,有,傷,折,未,至,殘,生,民,者,罪,當,原,於,法,俘,馘,論,功,損,挫,論,罪,乃,有,摧,鋒,陷,陣,不,暇,斬,首,而,在,後,掩,取,者,反,積,級,受,功,有,逡,巡,觀,望,幸,茍,全,而,力,戰,當,先,者,反,以,損,軍,治,罪,非,戎,律,之,平,帝,皆,從,其,議,會,有,降,人,言,寇,且,大,入,鵬,連,乞,兵,餉,帝,怒,令,革,職,閑,住,因,罷,總,督,官,不,設,鵬,受,事,僅,百,日,而,去,其,年,七,月,俺,答,復,大,入,山,西,縱,掠,太,原,潞,安,兵,部,請,復,設,總,督,乃,起,鵬,故,官,令,兼,督,山,東,河,南,軍,務,巡,撫,以,下,並,聽,節,制,鵬,受,命,寇,已,出,塞,即,馳,赴,朔,州,請,調,陜,西,薊,遼,客,兵,八,支,及,宣,大,三,關,主,兵,兼,募,土,著,選,驍,銳,者,十,萬,統,以,良,將,列,四,營,分,布,塞,上,每,營,當
3,O,O,O,O,O,O,O,B-date-reign,I-date-reign,B-date-year,O,O,O,O,O,O,I-office-title,O,O,B-office-title,I-office-title,I-office-title,O,O,O,B-office-title,I-office-title,I-office-title,O,O,O,O,O,O,I-office-title,I-office-title,I-office-title,B-office-voa,B-office-title,I-office-title,I-office-title,I-office-title,I-office-title,I-office-title,I-office-title,I-office-title,O,I-office-title,I-office-title,I-office-title,B-date-reign,I-date-reign,B-date-year,O,B-office-voa,B-office-title,I-office-title,I-office-title,I-office-title,I-office-title,I-office-title,I-office-title,I-office-title,I-office-title,I-office-title,I-office-title,I-office-title,I-office-title,I-office-title,I-office-title,I-office-title,I-office-title,I-office-title,I-office-title,I-office-title,I-office-title,I-office-title,O,I-office-title,I-office-title,I-office-title,I-office-title,I-office-title,I-office-title,I-office-title,I-office-title,I-office-title,I-office-title,I-office-title,I-office-title,I-office-title,I-office-title,I-office-title,I-office-title,I-office-title,I-office-title,O,O,O,I-office-title,I-office-title,I-office-title,I-office-title,I-office-title,I-office-title,I-office-title,I-office-title,I-office-title,I-office-title,O,O,O,O,O,O,O,O,O,O,O,O,O,O,O,O,O,O,O,I-office-title,I-office-title,I-office-title,I-office-title,O,I-office-title,O,I-office-title,I-office-title,I-office-title,I-office-title,I-office-title,I-office-title,I-office-title,I-office-title,I-office-title,I-office-title,I-office-title,I-office-title,I-office-title,I-office-title,I-office-title,I-office-title,I-office-title,I-office-title,I-office-title,I-office-title,I-office-title,I-office-title,I-office-title,I-office-title,I-office-title,I-office-title,I-office-title,I-office-title,I-office-title,O,O,O,B-office-voa,B-office-title,I-office-title,I-office-title,I-office-title,I-office-title,I-office-title,I-office-title,I-office-title,I-office-title,I-office-title,I-office-title,I-office-title,I-office-title,I-office-title,I-office-title,I-office-title,I-office-title,I-office-title,I-office-title,I-office-title,I-office-title,I-office-title,I-office-title,I-office-title,I-office-title,I-office-title,I-office-title,I-office-title,I-office-title,I-office-title,I-office-title,I-office-title,I-office-title,I-office-title,I-office-title,I-office-title,I-office-title,I-office-title,I-office-title,I-office-title,I-office-title,O,O,O,O,O,O,O,O,I-office-title,I-office-title,O,I-office-title,I-office-title,I-office-title,I-office-title,I-office-title,I-office-title,I-office-title,I-office-title,I-office-title,I-office-title,O,O,O,O,O,O,O,O,O,O,O,O,O,O,O,O,O,O,O,O,O,O,O,O,O,O,O,O,O,O,O,O,O,O,O,O,O,O,O,O,O,O,O,O,O,O,O,O,O,O,O,O,O,O,O,O,O,O,O,O,O,O,O,O,O,O,O,O,O,O,O,O,O,O,O,O,O,O,O,O,I-office-title,I-office-title,I-office-title,O,O,O,O,O,O,O,O,O,O,O,O,O,O,O,O,O,O,O,O,O,O,O,O,O,O,O,O,O,O,O,O,O,O,O,O,O,O,O,O,O,O,O,O,O,O,O,O,O,O,B-office-title,I-office-title,I-office-title,I-office-title,I-office-title,I-office-title,I-office-title,I-office-title,I-office-title,I-office-title,I-office-title,I-office-title,I-office-title,I-office-title,I-office-title,I-office-title,I-office-title,I-office-title,I-office-title,I-office-title,I-office-title,I-office-title,B-office-voa,I-office-title,I-office-title,I-office-title,I-office-title,I-office-title,I-office-title,I-office-title,I-office-title,I-office-title,I-office-title,I-office-title,I-office-title,I-office-title,I-office-title,I-office-title,I-office-title,I-office-title,I-office-title,I-office-title,I-office-title,I-office-title,I-office-title,I-office-title,I-office-title,I-office-title,I-office-title,I-office-title,I-office-title,I-office-title,I-office-title,I-office-title,I-office-title,O,O,O,I-office-title,I-office-title,I-office-title,I-office-title,I-office-title,I-office-title,I-office-title,I-office-title,I-office-title,I-office-title,I-office-title,I-office-title,I-office-title,I-office-title,I-office-title,I-office-title,I-office-title,I-office-title,I-office-title,O,O,O,I-office-title,I-office-title,I-office-title,I-office-title,I-office-title,I-office-title,I-office-title,I-office-title,I-office-title,I-office-title,I-office-title,I-office-title,I-office-title,I-office-title,I-office-title,I-office-title,I-office-title,O,O,O,O,O,O,O,O,O,O,O,O,I-office-title,O,I-office-title,I-office-title,I-office-title,I-office-title,I-office-title,I-office-title,I-office-title,I-office-title,I-office-title,I-office-title,I-office-title,I-office-title,I-office-title,I-office-title,I-office-title,I-office-title,I-office-title,I-office-title,I-office-title,I-office-title,I-office-title,I-office-title,I-office-title,I-office-title,I-office-title,I-office-title,I-office-title,O,I-office-title,I-office-title,I-office-title,I-office-title,I-office-title,I-office-title,O,O,0,0
4,字,道,甫,雲,南,右,衛,人,嘉,靖,二,年,進,士,授,澧,州,知,州,坐,事,改,國,子,助,教,歷,戶,部,郎,中,監,通,州,倉,歷,知,衛,輝,淮,安,二,府,織,造,中,官,過,淮,繼,魯,與,之,忤,誣,逮,至,京,大,學,士,夏,言,救,免,繼,魯,不,謝,言,不,悅,改,補,黎,平,擢,湖,廣,提,學,副,使,進,山,西,參,政,數,繩,宗,藩,暨,遷,按,察,使,宗,藩,百,余,人,擁,馬,發,其,裝,敞,衣,外,無,長,物,乃,載,酒,謝,過,遷,陜,西,右,布,政,使,二,十,六,年,擢,右,副,都,御,史,代,楊,守,謙,巡,撫,山,西,繼,魯,耿,介,所,至,以,清,節,聞,然,好,剛,使,氣,總,督,都,御,史,翁,萬,達,議,撤,山,西,內,邊,兵,並,力,守,大,同,外,邊,帝,報,可,繼,魯,抗,章,爭,言,紫,荊,居,庸,山,海,諸,關,東,枕,溟,渤,雁,門,寧,武,偏,頭,諸,關,西,據,黃,河,天,設,重,險,以,藩,衛,國,家,豈,可,聚,師,曠,野,洞,開,重,門,以,延,敵,夫,紫,荊,諸,關,之,拱,護,京,師,與,雁,門,諸,關,之,屏,蔽,全,晉,一,也,今,議,者,不,撤,紫,荊,以,並,守,宣,府,豈,可,獨,撤,雁,門,以,並,守,大,同,耶,況,自,偏,頭,寧,武,雁,門,東,抵,平,刑,關,為,山,西,長,邊,自,右,衛,雙,溝,墩,至,東,陽,河,鎮,口,臺,為,大,同,長,邊,自,丫,角,山,至,雙,溝,百,四,十,里,為,大,同,緊,邊,自,丫,角,山,至,老,牛,灣,百,四,十,里,為,山,西,緊,邊,論,長,邊,則,大,同,為,急,山,西,差,緩,論,緊,邊,則,均,為,最,急,此,皆,密,邇,河,套,譬,之,門,闔,山,西,守,左,大,同,守,右,山,西,並,力,守,左,尚,不,能,支,又,安,能,分,力,以,守,大,同,之,右,近,年,寇,不,敢,犯,山,西,內,郡,者,以,三,關,備,嚴,故,也,使,三,關,將,士,遠,離,堡,戍,欲,其,不,侵,犯,難,矣,全,師,在,外,強,寇,內,侵,即,紫,荊,倒,馬,諸,關,不,將,徒,守,哉,萬,達,聞,之,不,悅,上,疏,言,增,兵,擺,邊,始,於,近,歲,與,額,設,守,邊,者,不,同,繼,魯,乃,以,危,言,相,恐,復,遺,臣,書,言,往,歲,建,雲,中,議,宰,執,幾,不,免
5,O,O,O,O,O,O,O,O,B-date-reign,I-date-reign,B-date-year,O,O,O,O,O,I-office-title,I-office-title,I-office-title,I-office-title,O,O,O,I-office-title,I-office-title,I-office-title,I-office-title,I-office-title,I-office-title,I-office-title,I-office-title,I-office-title,I-office-title,I-office-title,I-office-title,I-office-title,I-office-title,I-office-title,I-office-title,I-office-title,I-office-title,I-office-title,I-office-title,I-office-title,I-office-title,I-office-title,I-office-title,I-office-title,I-office-title,I-office-title,I-office-title,I-office-title,I-office-title,I-office-title,I-office-title,I-office-title,I-office-title,I-office-title,I-office-title,I-office-title,I-office-title,I-office-title,I-office-title,I-office-title,I-office-title,I-office-title,I-office-title,I-office-title,I-office-title,I-office-title,I-office-title,I-office-title,I-office-title,I-office-title,I-office-title,I-office-title,I-office-title,I-office-title,I-office-title,I-office-title,I-office-title,I-office-title,I-office-title,I-office-title,I-office-title,I-office-title,I-office-title,I-office-title,I-office-title,I-office-title,I-office-title,I-office-title,I-office-title,I-office-title,B-office-title,I-office-title,I-office-title,I-office-title,I-office-title,I-office-title,I-office-title,I-office-title,I-office-title,I-office-title,I-office-title,I-office-title,I-office-title,I-office-title,I-office-title,I-office-title,I-office-title,I-office-title,I-office-title,I-office-title,O,O,O,O,O,O,I-office-title,I-office-title,I-office-title,I-office-title,I-office-title,I-office-title,I-office-title,I-office-title,I-office-title,B-office-voa,B-office-title,I-office-title,I-office-title,I-office-title,I-office-title,I-office-title,I-office-title,I-office-title,I-office-title,I-office-title,I-office-title,I-office-title,I-office-title,I-office-title,I-office-title,I-office-title,I-office-title,I-office-title,I-office-title,I-office-title,I-office-title,I-office-title,I-office-title,I-office-title,I-office-title,I-office-title,I-office-title,I-office-title,I-office-title,I-office-title,I-office-title,I-office-title,I-office-title,I-office-title,I-office-title,I-office-title,I-office-title,I-office-title,I-office-title,I-office-title,I-office-title,I-office-title,I-office-title,I-office-title,I-office-title,B-office-voa,B-office-title,I-office-title,I-office-title,I-office-title,I-office-title,I-office-title,I-office-title,I-office-title,I-office-title,I-office-title,I-office-title,I-office-title,I-office-title,O,O,O,I-office-title,O,O,O,I-office-title,I-office-title,O,O,O,I-office-title,O,O,O,O,O,O,O,O,O,O,O,O,O,O,O,O,O,O,O,O,O,O,O,O,O,O,O,O,O,O,O,O,O,O,O,O,O,O,O,O,O,O,O,O,O,O,O,O,O,O,O,O,O,O,O,O,O,O,O,O,O,O,O,O,O,O,I-office-title,I-office-title,I-office-title,I-office-title,I-office-title,I-office-title,I-office-title,O,O,O,O,I-office-title,I-office-title,I-office-title,I-office-title,I-office-title,I-office-title,I-office-title,O,O,O,O,O,I-office-title,I-office-title,O,O,O,I-office-title,I-office-title,I-office-title,I-office-title,I-office-title,I-office-title,I-office-title,I-office-title,O,O,O,I-office-title,I-office-title,I-office-title,O,O,O,O,I-office-title,I-office-title,O,I-office-title,I-office-title,I-office-title,O,O,O,I-office-title,I-office-title,I-office-title,I-office-title,I-office-title,I-office-title,I-office-title,I-office-title,I-office-title,I-office-title,I-office-title,I-office-title,I-office-title,I-office-title,I-office-title,I-office-title,I-office-title,I-office-title,I-office-title,I-office-title,I-office-title,I-office-title,I-office-title,I-office-title,I-office-title,I-office-title,I-office-title,I-office-title,I-office-title,I-office-title,I-office-title,I-office-title,I-office-title,I-office-title,I-office-title,I-office-title,I-office-title,I-office-title,I-office-title,I-office-title,I-office-title,I-office-title,I-office-title,I-office-title,I-office-title,I-office-title,I-office-title,I-office-title,I-office-title,I-office-title,I-office-title,I-office-title,I-office-title,I-office-title,I-office-title,I-office-title,I-office-title,I-office-title,I-office-title,I-office-title,I-office-title,I-office-title,I-office-title,I-office-title,I-office-title,I-office-title,I-office-title,I-office-title,I-office-title,I-office-title,I-office-title,I-office-title,I-office-title,I-office-title,I-office-title,I-office-title,I-office-title,I-office-title,I-office-title,I-office-title,I-office-title,I-office-title,I-office-title,I-office-title,I-office-title,I-office-title,I-office-title,I-office-title,I-office-title,I-office-title,I-office-title,I-office-title,I-office-title,I-office-title,I-office-title,I-office-title,I-office-title,I-office-title,I-office-title,I-office-title,I-office-title,I-office-title,I-office-title,I-office-title,I-office-title,I-office-title,I-office-title,I-office-title,I-office-title,I-office-title,I-office-title,I-office-title,I-office-title,I-office-title,I-office-title,I-office-title,I-office-title,I-office-title,I-office-title,I-office-title,I-office-title,I-office-title,I-office-title,I-office-title,I-office-title,I-office-title,I-office-title,I-office-title,I-office-title,I-office-title,I-office-title,I-office-title,I-office-title,I-office-title,I-office-title,I-office-title,I-office-title,I-office-title,I-office-title,I-office-title,I-office-title,I-office-title,I-office-title,I-office-title,I-office-title,I-office-title,I-office-title,I-office-title,I-office-title,I-office-title,I-office-title,I-office-title,I-office-title,I-office-title,I-office-title,I-office-title,I-office-title,I-office-title,I-office-title,I-office-title,B-office-voa,B-office-title,I-office-title,I-office-title,I-office-title,I-office-title,I-office-title,I-office-title,O,B-office-title,I-office-title,I-office-title,I-office-title,B-office-voa,B-office-title,I-office-title,I-office-title,I-office-title,I-office-title,B-office-title,I-office-title,I-office-title,I-office-title,I-office-title,I-office-title,I-office-title,O,0,0
6,字,子,重,江,都,人,自,為,諸,生,以,才,自,豪,嘉,靖,八,年,成,進,士,授,長,樂,知,縣,征,為,御,史,巡,按,遼,東,遼,陽,兵,變,執,辱,都,御,史,呂,經,銑,時,按,金,復,急,檄,副,總,兵,李,監,罷,經,苛,急,事,為,亂,軍,乞,赦,經,罷,趨,廣,寧,悍,卒,於,蠻,兒,等,復,執,辱,經,其,月,撫,順,卒,亦,縛,指,揮,劉,雄,父,子,會,朝,廷,遣,侍,郎,林,庭,昂,往,勘,亂,卒,懼,遼,陽,倡,首,者,趙,劓,兒,潛,詣,廣,寧,與,蠻,兒,合,謀,欲,俟,鎮,城,官,拜,表,集,眾,亂,為,總,兵,官,劉,淮,所,覺,計,不,行,復,結,死,囚,欲,俟,庭,昂,至,閉,城,門,為,變,而,銑,已,刺,得,二,城,及,撫,順,為,惡,者,姓,名,密,授,諸,將,劓,兒,等,數,十,人,同,日,捕,獲,銑,上,言,往,者,甘,肅,大,同,軍,變,處,之,過,輕,群,小,謂,辱,命,臣,殺,主,帥,罪,不,過,此,遂,相,率,為,亂,今,首,惡,宜,急,誅,乃,召,還,庭,昂,命,銑,勘,實,悉,斬,諸,首,惡,懸,首,邊,城,全,遼,大,定,擢,銑,大,理,寺,丞,遷,右,僉,都,御,史,巡,撫,山,東,俺,答,數,入,內,地,銑,請,築,臨,清,外,城,工,畢,進,副,都,御,史,居,三,年,改,撫,山,西,經,歲,寇,不,犯,邊,朝,廷,以,為,功,進,兵,部,侍,郎,巡,撫,如,故,二,十,五,年,夏,以,原,官,總,督,陜,西,三,邊,軍,務,寇,十,萬,余,騎,由,寧,塞,營,入,大,掠,延,安,慶,陽,境,銑,率,兵,數,千,駐,塞,門,而,遣,前,參,將,李,珍,搗,寇,巢,於,馬,梁,山,陰,斬,首,百,余,級,寇,聞,之,始,遁,捷,奏,賚,銀,幣,既,而,寇,屢,入,遊,擊,高,極,死,焉,副,總,兵,蕭,漢,敗,績,銑,疏,諸,將,罪,治,如,律,時,套,寇,牧,近,塞,零,騎,往,來,居,民,不,敢,樵,采,銑,方,築,塞,慮,為,所,擾,乃,選,銳,卒,擊,之,寇,稍,北,間,以,輕,騎,入,掠,銑,復,率,諸,軍,驅,之,遠,徙,參,將,李,珍,及,韓,欽,功,為,多,詔,增,銑,俸,一,級,賜,銀,幣,有,加,銑,素,喜,功,名,又,感,帝,知,遇,益,圖,所,報,稱,念,寇,居,河,套,久,為,中,國,患,上,疏,曰,賊,據,河,套
7,O,O,O,O,O,O,O,O,O,O,O,O,I-office-title,I-office-title,B-date-reign,I-date-reign,B-date-year,O,O,O,O,B-office-voa,I-office-title,I-office-title,I-office-title,I-office-title,I-office-title,B-office-voa,B-office-title,I-office-title,I-office-title,I-office-title,I-office-title,I-office-title,I-office-title,I-office-title,I-office-title,I-office-title,I-office-title,I-office-title,I-office-title,I-office-title,I-office-title,I-office-title,I-office-title,I-office-title,I-office-title,I-office-title,O,O,O,I-office-title,I-office-title,I-office-title,I-office-title,I-office-title,I-office-title,O,O,I-office-title,I-office-title,I-office-title,I-office-title,I-office-title,I-office-title,I-office-title,I-office-title,I-office-title,I-office-title,I-office-title,I-office-title,I-office-title,I-office-title,I-office-title,I-office-title,I-office-title,I-office-title,I-office-title,I-office-title,I-office-title,I-office-title,I-office-title,I-office-title,I-office-title,I-office-title,I-office-title,I-office-title,I-office-title,I-office-title,I-office-title,I-office-title,I-office-title,I-office-title,I-office-title,I-office-title,I-office-title,I-office-title,I-office-title,I-office-title,I-office-title,I-office-title,I-office-title,I-office-title,I-office-title,B-office-voa,B-office-title,I-office-title,I-office-title,I-office-title,I-office-title,I-office-title,I-office-title,I-office-title,I-office-title,I-office-title,I-office-title,I-office-title,I-office-title,I-office-title,I-office-title,I-office-title,I-office-title,I-office-title,I-office-title,I-office-title,I-office-title,I-office-title,I-office-title,I-office-title,I-office-title,I-office-title,I-office-title,I-office-title,I-office-title,I-office-title,I-office-title,I-office-title,I-office-title,I-office-title,I-office-title,I-office-title,I-office-title,I-office-title,I-office-title,I-office-title,I-office-title,I-office-title,I-office-title,I-office-title,I-office-title,I-office-title,I-office-title,I-office-title,I-office-title,I-office-title,I-office-title,I-office-title,I-office-title,I-office-title,I-office-title,I-office-title,I-office-title,I-office-title,I-office-title,I-office-title,I-office-title,I-office-title,I-office-title,I-office-title,I-office-title,O,I-office-title,O,I-office-title,I-office-title,I-office-title,I-office-title,I-office-title,I-office-title,I-office-title,I-office-title,I-office-title,I-office-title,I-office-title,I-office-title,I-office-title,I-office-title,I-office-title,I-office-title,I-office-title,I-office-title,I-office-title,I-office-title,I-office-title,I-office-title,I-office-title,I-office-title,I-office-title,I-office-title,I-office-title,I-office-title,I-office-title,I-office-title,I-office-title,I-office-title,I-office-title,I-office-title,I-office-title,I-office-title,I-office-title,I-office-title,I-office-title,O,O,O,O,O,O,O,O,O,B-office-voa,B-office-title,I-office-title,I-office-title,I-office-title,I-office-title,I-office-title,I-office-title,I-office-title,I-office-title,B-office-title,I-office-title,I-office-title,I-office-title,I-office-title,I-office-title,I-office-title,I-office-title,O,O,O,O,O,O,O,O,I-office-title,O,O,O,O,O,I-office-title,I-office-title,I-office-title,O,O,B-office-title,I-office-title,I-office-title,I-office-title,I-office-title,I-office-title,I-office-title,I-office-title,O,O,O,O,O,O,I-office-title,I-office-title,I-office-title,I-office-title,I-office-title,O,O,O,O,O,O,O,I-office-title,I-office-title,I-office-title,I-office-title,O,O,O,B-office-title,I-office-title,I-office-title,I-office-title,I-office-title,I-office-title,I-office-title,I-office-title,I-office-title,I-office-title,O,O,B-office-title,I-office-title,B-office-voa,B-office-title,I-office-title,I-office-title,I-office-title,I-office-title,I-office-title,I-office-title,I-office-title,I-office-title,I-office-title,I-date-year,O,O,O,B-office-title,I-office-title,I-office-title,I-office-title,I-office-title,I-office-title,I-office-title,I-office-title,I-office-title,I-office-title,I-office-title,I-office-title,I-office-title,I-office-title,I-office-title,O,B-office-title,I-office-title,I-office-title,B-office-voa,B-office-title,I-office-title,I-office-title,I-office-title,I-office-title,I-office-title,I-office-title,I-office-title,I-office-title,I-office-title,I-office-title,I-office-title,I-office-title,I-office-title,I-office-title,I-office-title,I-office-title,I-office-title,I-office-title,I-office-title,I-office-title,I-office-title,I-office-title,I-office-title,I-office-title,I-office-title,I-office-title,I-office-title,I-office-title,I-office-title,I-office-title,I-office-title,I-office-title,I-office-title,I-office-title,I-office-title,I-office-title,I-office-title,I-office-title,I-office-title,I-office-title,I-office-title,I-office-title,I-office-title,I-office-title,I-office-title,I-office-title,I-office-title,I-office-title,I-office-title,I-office-title,I-office-title,I-office-title,I-office-title,I-office-title,I-office-title,I-office-title,I-office-title,I-office-title,I-office-title,I-office-title,I-office-title,I-office-title,I-office-title,I-office-title,I-office-title,I-office-title,I-office-title,I-office-title,I-office-title,I-office-title,I-office-title,I-office-title,I-office-title,I-office-title,I-office-title,I-office-title,I-office-title,I-office-title,I-office-title,I-office-title,I-office-title,I-office-title,I-office-title,I-office-title,I-office-title,I-office-title,I-office-title,I-office-title,I-office-title,I-office-title,I-office-title,I-office-title,I-office-title,I-office-title,I-office-title,I-office-title,I-office-title,I-office-title,I-office-title,I-office-title,I-office-title,I-office-title,I-office-title,I-office-title,O,B-office-title,I-office-title,B-office-voa,B-office-title,I-office-title,B-office-voa,B-office-title,I-office-title,I-office-title,I-office-title,I-office-title,I-office-title,I-office-title,I-office-title,I-office-title,I-office-title,I-office-title,I-office-title,I-office-title,I-office-title,I-office-title,B-office-voa,B-office-title,I-office-title,I-office-title,I-office-title,I-office-title,I-office-title,I-office-title,I-office-title,I-office-title,I-office-title,O,B-office-voa,B-office-title,I-office-title,I-office-title,I-office-title,I-office-title,I-office-title,I-office-title,I-office-title,I-office-title,I-office-title,I-office-title,I-office-title,I-office-title,I-office-title,I-office-title,I-office-title,I-office-title,I-office-title,I-office-title,I-office-title,I-office-title,B-office-voa,B-office-title,I-office-title,I-office-title,I-office-title,I-office-title,I-office-title,I-office-title,O,0,0
8,字,大,章,霑,化,人,正,德,十,六,年,進,士,改,庶,吉,士,嘉,靖,初,授,禮,部,主,事,爭,大,禮,被,杖,調,吏,部,累,官,山,西,左,布,政,使,擢,右,副,都,御,史,巡,撫,甘,肅,歷,撫,保,定,應,天,入,為,左,副,都,御,史,坐,事,調,湖,廣,參,政,復,以,故,官,撫,河,南,歷,吏,部,左,右,侍,郎,二,十,八,年,十,月,拜,兵,部,尚,書,兼,督,團,營,條,上,邊,務,十,事,皆,報,可,當,是,時,俺,答,歲,寇,邊,羽,書,疊,至,天,子,方,齋,居,西,內,厭,兵,事,而,大,學,士,嚴,嵩,竊,權,邊,帥,率,以,賄,進,疆,事,大,壞,其,明,年,八,月,甲,子,俺,答,犯,宣,府,諸,將,拒,之,不,得,入,汝,夔,即,上,言,寇,不,得,誌,於,宣,府,必,東,趨,遼,薊,請,敕,諸,將,嚴,為,備,潮,河,川,乃,陵,京,門,戶,宜,調,遼,東,一,軍,赴,白,馬,關,保,定,一,軍,赴,古,北,口,從,之,寇,果,引,而,東,駐,大,興,州,去,古,北,口,百,七,十,里,大,同,總,兵,官,仇,鸞,知,之,率,所,部,馳,至,居,庸,南,順,天,巡,撫,王,汝,孝,駐,薊,州,誤,聽,諜,者,謂,寇,向,西,北,汝,夔,信,之,請,令,鸞,還,大,同,勿,東,詔,俟,後,報,及,興,州,報,至,命,鸞,壁,居,庸,汝,孝,守,薊,州,未,幾,寇,循,潮,河,川,南,下,至,古,北,口,薄,關,城,總,兵,官,羅,希,韓,盧,鉞,不,能,卻,汝,孝,師,大,潰,寇,遂,由,石,匣,營,達,密,雲,轉,掠,懷,柔,圍,順,義,城,聞,保,定,兵,駐,城,內,乃,解,而,南,至,通,州,阻,白,河,不,得,渡,駐,河,東,孤,山,分,剽,昌,平,三,河,犯,諸,帝,陵,殺,掠,不,可,勝,紀,京,師,戒,嚴,召,各,鎮,勤,王,分,遣,文,武,大,臣,各,九,人,守,京,城,九,門,定,西,侯,蔣,傳,吏,部,侍,郎,王,邦,瑞,總,督,之,而,以,錦,衣,都,督,陸,炳,禮,部,侍,郎,王,用,賓,給,事,御,史,各,四,人,巡,視,皇,城,四,門,詔,大,小,文,臣,知,兵,者,許,汝,夔,委,用,汝,夔,條,上,八,事,請,列,正,兵,四,營,於,城,外,四,隅,奇,兵,九,營,於,九,門,外,近,郊,正,兵,營,各,一,萬,奇,兵,營,各,六,千
9,O,O,O,O,O,O,B-date-reign,I-date-reign,B-date-year,I-date-year,O,O,O,O,O,I-office-title,O,B-date-reign,I-date-reign,O,B-office-voa,B-office-title,I-office-title,I-office-title,I-office-title,I-office-title,I-office-title,I-office-title,I-office-title,O,I-office-title,B-office-title,I-office-title,I-office-title,O,B-office-title,I-office-title,I-office-title,I-office-title,I-office-title,I-office-title,B-office-voa,B-office-title,I-office-title,I-office-title,I-office-title,I-office-title,I-office-title,I-office-title,I-office-title,I-office-title,I-office-title,I-office-title,I-office-title,I-office-title,I-office-title,I-office-title,I-office-title,O,O,I-office-title,I-office-title,I-office-title,I-office-title,I-office-title,I-office-title,I-office-title,I-office-title,I-office-title,I-office-title,I-office-title,O,O,B-office-title,I-office-title,I-office-title,I-office-title,I-office-title,B-office-voa,B-office-title,I-office-title,I-office-title,I-office-title,I-office-title,I-office-title,I-office-title,I-office-title,I-office-title,O,I-office-title,O,B-office-voa,B-office-title,I-office-title,I-office-title,I-office-title,I-office-title,I-office-title,I-office-title,I-office-title,I-office-title,I-office-title,I-office-title,I-office-title,I-office-title,I-office-title,I-office-title,I-office-title,I-office-title,I-office-title,I-office-title,O,O,O,O,O,O,O,O,O,B-office-voa,B-office-title,I-office-title,I-office-title,I-office-title,I-office-title,I-office-title,I-office-title,I-office-title,I-office-title,I-office-title,I-office-title,I-office-title,I-office-title,I-office-title,I-office-title,I-office-title,I-office-title,I-office-title,I-office-title,I-office-title,I-office-title,I-office-title,I-office-title,I-office-title,I-office-title,I-office-title,I-office-title,I-office-title,I-office-title,I-office-title,I-office-title,I-office-title,I-office-title,O,O,O,O,O,O,O,O,O,O,O,O,O,O,O,I-office-title,I-office-title,I-office-title,I-office-title,I-office-title,I-office-title,I-office-title,I-office-title,I-office-title,I-office-title,O,O,O,O,I-office-title,I-office-title,I-office-title,I-office-title,I-office-title,I-office-title,I-office-title,B-office-voa,B-office-title,I-office-title,I-office-title,I-office-title,I-office-title,I-office-title,I-office-title,I-office-title,I-office-title,I-office-title,I-office-title,B-office-title,I-office-title,I-office-title,I-office-title,I-office-title,I-office-title,I-office-title,I-office-title,I-office-title,I-office-title,O,O,O,O,O,O,O,O,O,O,O,O,O,O,O,O,O,O,O,O,O,O,O,O,O,O,O,O,O,O,O,O,O,O,O,O,O,O,O,O,I-office-title,O,I-office-title,O,O,O,O,O,O,O,O,O,O,O,O,O,O,O,O,O,O,O,O,O,O,O,O,O,O,O,O,O,O,O,O,O,O,O,O,O,O,O,O,O,O,O,O,O,O,O,B-office-title,I-office-title,I-office-title,I-office-title,O,O,O,O,O,O,O,O,O,I-office-title,I-office-title,I-office-title,O,O,I-office-title,O,B-office-voa,B-office-title,I-office-title,I-office-title,I-office-title,I-office-title,I-office-title,I-office-title,I-office-title,I-office-title,I-office-title,I-office-title,I-office-title,I-office-title,I-office-title,O,O,B-office-title,I-office-title,I-office-title,I-office-title,I-office-title,I-office-title,B-office-voa,B-office-title,I-office-title,I-office-title,I-office-title,I-office-title,I-office-title,I-office-title,I-office-title,I-office-title,I-office-title,I-office-title,I-office-title,I-office-title,I-office-title,I-office-title,I-office-title,I-office-title,I-office-title,B-office-voa,B-office-title,I-office-title,I-office-title,I-office-title,I-office-title,I-office-title,I-office-title,I-office-title,I-office-title,I-office-title,I-office-title,I-office-title,I-office-title,I-office-title,I-office-title,I-office-title,I-office-title,I-office-title,I-office-title,I-office-title,I-office-title,I-office-title,I-office-title,I-office-title,I-office-title,I-office-title,I-office-title,I-office-title,I-office-title,I-office-title,I-office-title,I-office-title,I-office-title,I-office-title,I-office-title,I-office-title,I-office-title,I-office-title,I-office-title,I-office-title,I-office-title,I-office-title,I-office-title,I-office-title,I-office-title,I-office-title,O,I-office-title,I-office-title,I-office-title,I-office-title,I-office-title,I-office-title,I-office-title,I-office-title,I-office-title,I-office-title,I-office-title,I-office-title,I-office-title,I-office-title,I-office-title,I-office-title,I-office-title,I-office-title,I-office-title,I-office-title,I-office-title,I-office-title,B-office-title,I-office-title,I-office-title,I-office-title,I-office-title,I-office-title,I-office-title,I-office-title,I-office-title,I-office-title,I-office-title,I-office-title,I-office-title,I-office-title,I-office-title,I-office-title,I-office-title,I-office-title,I-office-title,I-office-title,I-office-title,I-office-title,I-office-title,I-office-title,I-office-title,I-office-title,I-office-title,I-office-title,I-office-title,I-office-title,I-office-title,I-office-title,I-office-title,I-office-title,I-office-title,I-office-title,I-office-title,I-office-title,I-office-title,I-office-title,I-office-title,I-office-title,I-office-title,I-office-title,I-office-title,I-office-title,I-office-title,I-office-title,I-office-title,I-office-title,I-office-title,I-office-title,I-office-title,I-office-title,I-office-title,I-office-title,I-office-title,I-office-title,I-office-title,I-office-title,I-office-title,I-office-title,I-office-title,I-office-title,I-office-title,I-office-title,I-office-title,I-office-title,I-office-title,I-office-title,I-office-title,I-office-title,I-office-title,I-office-title,I-office-title,O,0,0
10,字,允,亨,徐,州,人,父,誌,學,字,遜,夫,弘,治,六,年,進,士,巡,撫,大,同,寧,夏,邊,人,愛,之,累,官,刑,部,尚,書,卒,謚,康,惠,守,謙,登,嘉,靖,八,年,進,士,授,屯,田,主,事,改,職,方,歷,郎,中,練,習,兵,計,出,為,陜,西,副,使,改,督,學,政,有,聲,就,拜,參,政,未,任,擢,右,僉,都,御,史,巡,撫,山,西,上,言,偏,頭,老,營,堡,二,所,余,地,千,九,百,余,頃,請,興,舉,營,田,因,薦,副,使,張,鎬,為,提,調,牛,種,取,給,本,土,帝,稱,為,忠,即,報,可,俄,移,撫,延,綏,請,久,任,鎬,終,其,事,其,後,二,年,營,田,大,興,計,秋,獲,可,當,帑,銀,十,萬,邊,關,谷,價,減,十,五,守,謙,薦,鎬,可,大,用,且,言,延,綏,安,定,諸,邊,可,如,例,戶,部,請,推,行,之,九,邊,帝,悅,命,亟,行,之,錄,守,謙,鎬,功,守,謙,未,去,延,綏,而,鎬,已,巡,撫,寧,夏,矣,守,謙,至,延,綏,言,激,勸,軍,士,在,重,賞,令,斬,一,首,者,升,一,級,不,願,者,予,白,金,三,十,兩,賞,已,薄,又,文,移,察,勘,動,涉,歲,時,以,故,士,心,不,勸,近,宣,大,事,棘,稍,加,賞,格,請,倍,增,其,數,鎮,巡,官,驗,明,即,給,蓋,增,級,襲,蔭,有,官,者,利,之,窮,卒,覬,賞,而,已,兵,部,以,為,然,定,斬,首,一,級,者,與,五,十,兩,著,為,令,以,前,山,西,修,邊,功,增,俸,一,級,賜,金,幣,有,加,請,給,新,設,遊,兵,月,餉,發,倉,儲,貸,饑,卒,皆,報,許,二,十,九,年,進,副,都,御,史,巡,撫,保,定,兼,督,紫,荊,諸,關,去,鎮,之,日,傾,城,號,泣,有,追,送,數,百,里,外,者,未,幾,俺,答,入,寇,守,謙,率,師,倍,道,入,援,帝,聞,其,至,甚,喜,令,營,崇,文,門,外,會,副,總,兵,朱,楫,參,將,祝,福,馮,登,亦,各,以,兵,至,人,心,稍,安,寇,遊,騎,散,掠,枯,柳,諸,村,去,京,城,二,十,里,守,謙,及,楫,等,兵,移,營,東,直,門,外,詔,同,仇,鸞,調,度,京,城,及,各,路,援,兵,相,機,戰,守,寇,薄,都,城,諸,將,高,秉,元,徐,鏞,等,禦,之,不,能,卻,帝,拜,鸞,大,將,軍,進,守,謙,兵,部,右,侍
11,O,O,O,O,O,O,O,O,O,O,O,O,B-date-reign,I-date-reign,B-date-year,O,B-office-voa,B-office-title,I-office-title,I-office-title,I-office-title,I-office-title,I-office-title,I-office-title,I-office-title,I-office-title,I-office-title,I-office-title,I-office-title,I-office-title,B-office-title,I-office-title,I-office-title,I-office-title,I-office-title,I-office-title,I-office-title,I-office-title,I-office-title,I-office-title,I-office-title,B-date-reign,I-date-reign,B-date-year,I-office-title,I-office-title,O,I-office-title,I-office-title,I-office-title,I-office-title,I-office-title,I-office-title,I-office-title,I-office-title,I-office-title,I-office-title,I-office-title,I-office-title,I-office-title,I-office-title,I-office-title,I-office-title,I-office-title,I-office-title,I-office-title,I-office-title,I-office-title,I-office-title,I-office-title,I-office-title,I-office-title,I-office-title,I-office-title,I-office-title,I-office-title,I-office-title,I-office-title,I-office-title,I-office-title,I-office-title,I-office-title,I-office-title,I-office-title,I-office-title,I-office-title,I-office-title,I-office-title,I-office-title,I-office-title,I-office-title,I-office-title,I-office-title,I-office-title,I-office-title,I-office-title,I-office-title,I-office-title,I-office-title,I-office-title,I-office-title,I-office-title,I-office-title,I-office-title,I-office-title,I-office-title,I-office-title,I-office-title,I-office-title,I-office-title,I-office-title,I-office-title,I-office-title,I-office-title,I-office-title,I-office-title,I-office-title,I-office-title,I-office-title,I-office-title,I-office-title,I-office-title,I-office-title,I-office-title,I-office-title,I-office-title,I-office-title,I-office-title,I-office-title,I-office-title,I-office-title,I-office-title,I-office-title,I-office-title,I-office-title,I-office-title,I-office-title,I-office-title,I-office-title,I-office-title,I-office-title,I-office-title,I-office-title,I-office-title,I-office-title,I-office-title,I-office-title,I-office-title,I-office-title,I-office-title,I-office-title,I-office-title,I-office-title,I-office-title,I-office-title,I-office-title,I-office-title,I-office-title,I-office-title,I-office-title,I-office-title,I-office-title,I-office-title,I-office-title,I-office-title,I-office-title,I-office-title,I-office-title,O,I-office-title,O,I-office-title,I-office-title,I-office-title,I-office-title,I-office-title,I-office-title,I-office-title,I-office-title,I-office-title,I-office-title,I-office-title,I-office-title,I-office-title,I-office-title,I-office-title,I-office-title,I-office-title,O,I-office-title,I-office-title,I-office-title,O,I-office-title,I-office-title,I-office-title,I-office-title,I-office-title,I-office-title,I-office-title,I-office-title,I-office-title,I-office-title,I-office-title,I-office-title,I-office-title,I-office-title,I-office-title,I-office-title,I-office-title,I-office-title,I-office-title,I-office-title,O,O,O,O,O,O,O,O,O,I-office-title,I-office-title,I-office-title,I-office-title,I-office-title,I-office-title,I-office-title,O,O,O,O,O,O,O,O,O,O,O,I-office-title,I-office-title,I-office-title,I-office-title,I-office-title,I-office-title,I-office-title,I-office-title,I-office-title,I-office-title,I-office-title,I-office-title,I-office-title,I-office-title,I-office-title,B-office-voa,B-office-title,I-office-title,I-office-title,I-office-title,I-office-title,O,O,O,I-office-title,I-office-title,I-office-title,I-office-title,I-office-title,I-office-title,I-office-title,I-office-title,I-office-title,I-office-title,O,O,I-office-title,I-office-title,I-office-title,I-office-title,I-office-title,O,O,O,O,O,I-office-title,I-office-title,I-office-title,I-office-title,I-office-title,I-office-title,B-office-voa,B-office-title,I-office-title,I-office-title,I-office-title,I-office-title,I-office-title,I-office-title,I-office-title,I-office-title,I-office-title,O,O,O,O,O,B-office-voa,B-office-title,I-office-title,I-office-title,I-office-title,I-office-title,I-office-title,I-office-title,I-office-title,I-office-title,I-office-title,I-office-title,I-office-title,I-office-title,I-office-title,I-office-title,I-office-title,I-office-title,I-office-title,I-office-title,I-office-title,I-office-title,I-office-title,I-office-title,I-office-title,I-office-title,I-office-title,I-office-title,I-office-title,I-office-title,I-office-title,I-office-title,I-office-title,I-office-title,I-office-title,I-office-title,I-office-title,I-office-title,I-office-title,I-office-title,I-office-title,I-office-title,I-office-title,I-office-title,I-office-title,I-office-title,I-office-title,I-office-title,I-office-title,I-office-title,I-office-title,I-office-title,I-office-title,I-office-title,I-office-title,I-office-title,I-office-title,I-office-title,I-office-title,I-office-title,I-office-title,I-office-title,I-office-title,I-office-title,I-office-title,I-office-title,I-office-title,I-office-title,I-office-title,I-office-title,I-office-title,I-office-title,I-office-title,I-office-title,I-office-title,I-office-title,I-office-title,I-office-title,I-office-title,I-office-title,I-office-title,I-office-title,I-office-title,I-office-title,I-office-title,I-office-title,I-office-title,I-office-title,I-office-title,I-office-title,I-office-title,I-office-title,I-office-title,I-office-title,I-office-title,I-office-title,I-office-title,I-office-title,I-office-title,I-office-title,I-office-title,I-office-title,I-office-title,I-office-title,I-office-title,I-office-title,I-office-title,I-office-title,I-office-title,I-office-title,I-office-title,I-office-title,I-office-title,I-office-title,I-office-title,I-office-title,I-office-title,I-office-title,I-office-title,I-office-title,I-office-title,I-office-title,I-office-title,O,B-office-title,I-office-title,I-office-title,I-office-title,I-office-title,I-office-title,I-office-title,I-office-title,I-office-title,I-office-title,I-office-title,I-office-title,I-office-title,I-office-title,I-office-title,I-office-title,I-office-title,I-office-title,I-office-title,I-office-title,I-office-title,I-office-title,I-office-title,I-office-title,I-office-title,I-office-title,I-office-title,I-office-title,I-office-title,I-office-title,I-office-title,I-office-title,I-office-title,I-office-title,I-office-title,I-office-title,I-office-title,I-office-title,I-office-title,I-office-title,I-office-title,I-office-title,I-office-title,I-office-title,I-office-title,I-office-title,I-office-title,I-office-title,I-office-title,I-office-title,I-office-title,I-office-title,I-office-title,I-office-title,I-office-title,I-office-title,I-office-title,I-office-title,I-office-title,I-office-title,I-office-title,I-office-title,I-office-title,I-office-title,I-office-title,I-office-title,I-office-title,I-office-title,I-office-title,B-office-title,I-office-title,I-office-title,I-office-title,I-office-title,I-office-title,I-office-title,I-office-title,O,0,0
12,字,孟,堅,鐘,祥,人,嘉,靖,二,年,進,士,授,豐,城,知,縣,始,為,築,城,捕,境,內,盜,幾,盡,擢,兵,科,給,事,中,京,察,竣,復,命,科,道,互,相,劾,被,謫,鹽,城,縣,丞,三,遷,刑,部,郎,中,出,為,廣,東,僉,事,搗,海,南,叛,黎,巢,增,秩,賜,金,幣,累,官,山,東,按,察,使,擢,右,僉,都,御,史,巡,撫,保,定,兼,提,督,紫,刑,諸,關,慮,俺,答,內,侵,疏,請,重,根,本,護,神,京,居,四,年,召,理,院,事,俺,答,果,大,舉,薄,都,城,詔,城,中,居,民,及,四,方,入,應,武,舉,者,悉,登,陴,守,以,大,節,率,五,城,御,史,統,之,發,帑,金,五,千,兩,命,便,宜,募,壯,士,屢,條,上,軍,民,急,務,比,寇,退,復,命,兼,管,民,兵,經,略,京,城,內,外,訓,練,鼓,舞,軍,容,甚,壯,擢,右,副,都,御,史,經,略,如,故,所,募,民,兵,已,四,千,請,以,三,等,授,餉,上,者,月,二,石,其,次,遞,減,五,鬥,帝,亟,從,之,仇,鸞,為,大,將,軍,盡,統,中,外,兵,馬,惡,大,節,獨,為,一,軍,不,受,其,節,制,欲,困,之,乃,請,畫,地,分,守,以,京,師,四,郊,委,大,節,大,節,言,臣,雖,經,略,京,城,實,非,有,重,兵,專,戰,守,責,者,也,京,城,四,郊,利,害,鸞,欲,專,以,臣,當,臣,節,制,者,止,巡,捕,軍,鸞,又,頻,調,遣,奸,宄,猝,發,誰,為,捍,禦,哉,所,爭,甚,晰,而,帝,方,寵,鸞,不,欲,人,撓,其,事,責,大,節,懷,奸,避,難,立,下,詔,獄,法,司,希,旨,當,大,節,斬,嚴,嵩,言,大,節,誠,有,罪,但,法,司,引,律,非,是,幸,赦,其,死,戍,極,邊,亦,不,聽,時,三,十,年,四,月,也,明,年,八,月,鸞,死,大,節,故,部,曲,石,鏜,孫,九,思,等,數,百,人,伏,闕,訟,冤,章,再,上,兵,部,侍,郎,張,時,徹,等,言,大,節,為,逆,鸞,制,肘,以,抵,於,法,乞,順,群,情,赦,之,帝,怒,鐫,時,徹,二,秩,明,年,竟,卒,於,獄,隆,慶,初,復,故,官,贈,兵,部,尚,書,謚,端,湣,0,0,0,0,0,0,0,0,0,0,0,0,0,0,0,0,0,0,0,0,0,0,0,0,0,0,0,0,0,0,0,0,0,0,0,0,0,0,0,0
13,O,O,O,O,O,O,B-date-reign,I-date-reign,B-date-year,O,O,O,O,O,O,I-office-title,O,O,O,O,I-office-title,I-office-title,I-office-title,I-office-title,I-office-title,O,O,O,O,O,I-office-title,O,O,O,O,O,O,O,I-office-title,I-office-title,I-office-title,I-office-title,I-office-title,I-office-title,I-office-title,I-office-title,O,O,O,O,O,O,O,I-office-title,I-office-title,O,O,O,I-office-title,I-office-title,I-office-title,I-office-title,I-office-title,I-office-title,I-office-title,I-office-title,I-office-title,I-office-title,I-office-title,O,O,O,O,O,O,O,I-office-title,I-office-title,O,I-office-title,B-office-title,I-office-title,I-office-title,I-office-title,I-office-title,I-office-title,I-office-title,I-office-title,I-office-title,I-office-title,I-office-title,I-office-title,I-office-title,I-office-title,I-office-title,I-office-title,I-office-title,I-office-title,I-office-title,I-office-title,I-office-title,I-office-title,I-office-title,I-office-title,I-office-title,I-office-title,I-office-title,O,O,O,I-office-title,O,I-office-title,O,I-office-title,I-office-title,I-office-title,I-office-title,I-office-title,I-office-title,I-office-title,I-office-title,O,O,O,O,O,O,O,O,O,O,O,I-office-title,I-office-title,I-office-title,O,O,O,O,O,O,I-office-title,I-office-title,I-office-title,I-office-title,I-office-title,I-office-title,O,O,O,O,O,O,O,O,O,O,O,O,O,O,O,O,O,O,O,O,O,O,O,O,O,O,O,I-office-title,I-office-title,I-office-title,I-office-title,I-office-title,I-office-title,I-office-title,I-office-title,I-office-title,I-office-title,I-office-title,I-office-title,I-office-title,I-office-title,I-office-title,I-office-title,I-office-title,O,B-office-voa,B-office-title,I-office-title,I-office-title,I-office-title,I-office-title,I-office-title,I-office-title,I-office-title,I-office-title,I-office-title,I-office-title,I-office-title,O,O,O,O,O,O,B-office-title,I-office-title,B-office-voa,B-office-title,I-office-title,I-office-title,I-office-title,I-office-title,I-office-title,O,O,O,O,O,O,O,O,O,O,O,O,O,O,O,O,O,O,O,O,O,O,O,O,O,O,O,O,O,O,O,I-office-title,O,O,O,O,O,O,O,O,O,O,O,O,O,O,O,O,O,I-office-title,O,O,O,O,O,O,O,O,O,O,O,O,O,O,O,O,O,O,O,I-office-title,O,I-office-title,I-office-title,I-office-title,I-office-title,I-office-title,I-office-title,I-office-title,O,O,O,O,O,O,O,O,O,O,O,O,O,O,O,O,O,O,I-office-title,I-office-title,I-office-title,I-office-title,O,B-office-voa,B-office-title,I-office-title,I-office-title,I-office-title,I-office-title,I-office-title,O,O,O,O,O,O,O,O,O,O,O,O,O,O,O,O,O,O,O,I-office-title,I-office-title,I-office-title,I-office-title,I-office-title,I-office-title,I-office-title,I-office-title,I-office-title,I-office-title,O,O,O,O,O,O,O,O,O,O,O,O,O,O,I-office-title,I-office-title,O,I-office-title,I-office-title,I-office-title,I-office-title,I-office-title,I-office-title,O,I-office-title,O,O,O,O,O,O,O,O,O,O,O,O,O,O,O,O,O,O,O,O,O,O,O,O,O,O,O,O,O,O,O,O,O,O,O,O,O,O,O,O,O,O,O,O,O,O,O,O,O,I-office-title,I-office-title,I-office-title,I-office-title,I-office-title,I-office-title,I-office-title,I-office-title,I-office-title,I-office-title,I-office-title,I-office-title,I-office-title,I-office-title,I-office-title,I-office-title,I-office-title,I-office-title,I-office-title,I-office-title,I-office-title,O,O,O,O,O,B-date-reign,I-date-reign,O,B-office-voa,B-office-title,I-office-title,I-office-title,I-office-title,I-office-title,I-office-title,I-office-title,I-office-title,I-office-title,O,0,0,0,0,0,0,0,0,0,0,0,0,0,0,0,0,0,0,0,0,0,0,0,0,0,0,0,0,0,0,0,0,0,0,0,0,0,0,0,0
14,字,民,應,太,倉,人,父,倬,南,京,兵,部,右,侍,郎,以,謹,厚,稱,忬,登,嘉,靖,二,十,年,進,士,授,行,人,遷,御,史,皇,太,子,出,閣,疏,以,武,宗,居,青,宮,為,戒,又,劾,罷,東,廠,太,監,宋,興,出,視,河,東,鹽,政,以,疾,歸,已,起,按,湖,廣,復,按,順,天,二,十,九,年,俺,答,大,舉,犯,古,北,口,忬,奏,言,潮,河,川,有,徑,道,一,日,夜,可,達,通,州,因,疾,馳,至,通,為,守,禦,計,盡,徙,舟,楫,之,在,東,岸,者,夜,半,寇,果,大,至,不,得,渡,遂,壁,於,河,東,帝,密,遣,中,使,覘,軍,見,忬,方,厲,士,乘,城,還,奏,帝,大,喜,副,都,御,史,王,儀,守,通,州,御,史,姜,廷,頤,劾,其,不,職,忬,亦,言,儀,縱,士,卒,虐,大,同,軍,大,同,軍,者,仇,鸞,兵,也,帝,立,命,逮,儀,而,超,擢,忬,右,僉,都,御,史,代,之,寇,退,忬,請,振,難,民,築,京,師,外,郭,修,通,州,城,築,張,家,灣,大,小,二,堡,置,沿,河,敵,臺,皆,報,可,尋,罷,通,州,易,州,守,禦,大,臣,召,忬,還,三,十,一,年,出,撫,山,東,甫,三,月,以,浙,江,倭,寇,亟,命,忬,提,督,軍,務,巡,視,浙,江,及,福,興,漳,泉,四,府,先,後,上,方,略,十,二,事,任,參,將,俞,大,猷,湯,克,寬,又,奏,釋,參,將,尹,鳳,盧,鏜,系,賊,犯,溫,州,克,寬,破,之,其,據,昌,國,衛,者,為,大,猷,擊,退,而,賊,首,汪,直,復,糾,島,倭,及,漳,泉,群,盜,連,巨,艦,百,余,蔽,海,至,濱,海,數,千,里,同,告,警,上,海,及,南,匯,吳,淞,乍,浦,蓁,嶼,諸,所,皆,陷,蘇,松,寧,紹,諸,衛,所,州,縣,被,焚,掠,者,二,十,余,留,內,地,三,月,飽,而,去,忬,乃,言,將,士,逐,毀,其,船,五,十,余,艘,於,是,先,所,奪,文,武,將,吏,俸,皆,得,復,尋,以,給,事,王,國,禎,言,改,巡,撫,忬,方,視,師,閩,中,賊,復,大,至,犯,浙,江,盧,鏜,等,頻,失,利,御,史,趙,炳,然,劾,其,罪,帝,特,宥,忬,忬,因,請,築,嘉,善,崇,德,桐,鄉,德,清,慈,溪,奉,化,象,山,城,而,恤,被,寇,諸,府,時,已,遣,尚,書,張,經,總,督,諸,軍,大,同,適,中,寇,督,撫
15,O,O,O,O,O,O,O,O,O,O,O,O,O,O,O,O,O,O,O,I-office-title,O,B-date-reign,I-date-reign,B-date-year,I-date-year,O,O,O,I-office-title,I-office-title,I-office-title,B-office-voa,B-office-title,I-office-title,I-office-title,I-office-title,I-office-title,I-office-title,I-office-title,I-office-title,I-office-title,B-office-title,I-office-title,I-office-title,I-office-title,I-office-title,B-office-voa,B-office-title,I-office-title,I-office-title,I-office-title,I-office-title,I-office-title,I-office-title,I-office-title,I-office-title,I-office-title,I-office-title,I-office-title,I-office-title,I-office-title,I-office-title,I-office-title,I-office-title,B-office-title,I-office-title,I-office-title,I-office-title,I-office-title,I-office-title,I-office-title,B-office-voa,B-office-title,I-office-title,I-office-title,I-office-title,I-office-title,I-office-title,I-office-title,I-office-title,I-office-title,I-office-title,I-office-title,I-office-title,I-office-title,I-office-title,I-office-title,I-office-title,I-office-title,I-office-title,I-office-title,O,O,O,O,O,O,O,O,O,O,O,O,O,O,O,O,O,O,B-office-voa,B-office-title,I-office-title,I-office-title,I-office-title,B-office-title,I-office-title,I-office-title,I-office-title,I-office-title,I-office-title,I-office-title,I-office-title,I-office-title,I-office-title,I-office-title,I-office-title,I-office-title,I-office-title,I-office-title,I-office-title,I-office-title,I-office-title,I-office-title,I-office-title,I-office-title,I-office-title,I-office-title,I-office-title,I-office-title,I-office-title,I-office-title,I-office-title,I-office-title,I-office-title,I-office-title,I-office-title,I-office-title,I-office-title,I-office-title,I-office-title,I-office-title,I-office-title,I-office-title,I-office-title,I-office-title,I-office-title,I-office-title,I-office-title,I-office-title,I-office-title,I-office-title,I-office-title,I-office-title,I-office-title,I-office-title,I-office-title,I-office-title,I-office-title,I-office-title,I-office-title,I-office-title,I-office-title,I-office-title,I-office-title,O,O,O,O,O,O,O,O,O,O,O,O,I-office-title,O,O,I-office-title,O,O,O,O,O,O,O,O,O,B-office-title,I-office-title,I-office-title,I-office-title,I-office-title,I-office-title,I-office-title,I-office-title,I-office-title,I-office-title,I-office-title,I-office-title,O,O,O,O,O,O,O,O,O,O,O,O,O,O,O,O,O,O,O,O,O,O,O,O,O,O,O,O,O,O,O,I-office-title,I-office-title,I-office-title,I-office-title,I-office-title,I-office-title,I-office-title,B-office-voa,B-office-title,I-office-title,I-office-title,I-office-title,I-office-title,I-office-title,O,O,O,O,O,O,O,O,O,I-office-title,O,O,I-office-title,O,O,O,O,O,O,O,O,O,O,O,O,O,O,O,O,O,O,O,O,O,O,O,O,O,O,O,I-office-title,I-office-title,I-office-title,I-office-title,I-office-title,O,O,O,O,O,O,O,O,O,O,O,O,O,O,O,O,O,O,O,O,O,O,O,O,O,O,O,B-office-title,I-office-title,I-office-title,I-office-title,O,I-office-title,O,O,O,B-office-voa,B-office-title,I-office-title,I-office-title,I-office-title,I-office-title,I-office-title,I-office-title,I-office-title,I-office-title,I-office-title,I-office-title,I-office-title,I-office-title,I-office-title,I-office-title,I-office-title,I-office-title,I-office-title,I-office-title,I-office-title,I-office-title,I-office-title,I-office-title,I-office-title,I-office-title,I-office-title,I-office-title,I-office-title,I-office-title,I-office-title,I-office-title,I-office-title,I-office-title,I-office-title,I-office-title,I-office-title,I-office-title,I-office-title,I-office-title,I-office-title,I-office-title,I-office-title,I-office-title,I-office-title,I-office-title,I-office-title,I-office-title,I-office-title,I-office-title,I-office-title,I-office-title,I-office-title,I-office-title,I-office-title,I-office-title,I-office-title,I-office-title,I-office-title,I-office-title,I-office-title,I-office-title,I-office-title,I-office-title,I-office-title,I-office-title,I-office-title,I-office-title,I-office-title,I-office-title,I-office-title,I-office-title,I-office-title,I-office-title,I-office-title,I-office-title,I-office-title,I-office-title,I-office-title,I-office-title,I-office-title,I-office-title,I-office-title,I-office-title,I-office-title,I-office-title,I-office-title,I-office-title,I-office-title,I-office-title,O,O,I-office-title,I-office-title,I-office-title,I-office-title,I-office-title,I-office-title,B-office-voa,B-office-title,I-office-title,I-office-title,I-office-title,I-office-title,I-office-title,I-office-title,I-office-title,I-office-title,B-office-voa,B-office-title,I-office-title,I-office-title,I-office-title,I-office-title,I-office-title,I-office-title,I-office-title,I-office-title,I-office-title,I-office-title,I-office-title,I-office-title,I-office-title,I-office-title,I-office-title,I-office-title,O,I-office-title,O,O,I-office-title,O,O,O,O,O,O,O,B-date-reign,I-date-reign,O,O,O,O,O,O,O,O,I-office-title,O,I-office-title,I-office-title,I-office-title,I-office-title,I-office-title,I-office-title,I-office-title,I-office-title,I-office-title,I-office-title,O,I-office-title,I-office-title,I-office-title,I-office-title,I-office-title,I-office-title,I-office-title,I-office-title,I-office-title,I-office-title,I-office-title,O,0,0
16,字,以,公,章,丘,人,嘉,靖,二,十,三,年,進,士,授,行,人,擢,御,史,遷,易,州,兵,備,副,使,俺,答,圍,大,同,右,衛,巡,撫,朱,笈,被,逮,超,拜,選,右,僉,都,御,史,代,之,與,侍,郎,江,東,總,兵,官,張,承,勛,解,其,圍,憂,歸,再,起,仍,故,職,四,十,年,擢,總,督,薊,遼,副,都,御,史,條,上,封,疆,極,弊,十,五,事,多,從,其,請,以,居,庸,岔,道,卻,敵,功,進,兵,部,右,侍,郎,明,年,五,月,古,北,口,守,將,遣,哨,卒,山,塞,朵,顏,衛,掠,其,四,人,部,長,通,漢,叩,關,索,賞,副,總,兵,胡,鎮,執,之,並,縛,其,黨,十,余,人,通,漢,子,懼,擁,所,執,哨,卒,至,墻,下,請,易,其,父,通,漢,者,辛,愛,妻,義,父,也,選,欲,以,牽,制,辛,愛,要,其,子,入,質,乃,遣,還,父,自,是,諸,子,叠,為,質,半,歲,而,代,選,馳,疏,以,聞,自,詡,方,略,選,及,巡,撫,徐,紳,等,俱,受,賞,十,月,丁,卯,辛,愛,與,把,都,兒,等,大,舉,自,墻,子,嶺,磨,刀,峪,潰,墻,入,犯,京,師,戒,嚴,帝,大,驚,諭,閣,臣,徐,階,曰,朕,東,見,火,光,此,賊,去,京,不,遠,其,令,兵,部,諭,諸,軍,並,力,剿,逐,明,日,選,以,寇,東,遁,聞,為,將,士,祈,賞,帝,疑,以,問,階,對,曰,寇,營,尚,在,平,谷,選,等,往,通,州,矣,謂,追,殺,者,妄,也,帝,銜,之,寇,稍,東,大,掠,三,河,順,義,圍,諸,將,傅,津,等,於,鄭,官,屯,選,遣,副,將,胡,鎮,偕,總,兵,官,孫,臏,遊,擊,趙,溱,擊,之,臏,溱,戰,歿,鎮,力,戰,得,脫,寇,留,內,地,八,日,不,退,紿,事,中,李,瑜,遂,劾,選,紳,與,副,使,盧,鎰,參,將,馮,詔,胡,粲,遊,擊,嚴,瞻,等,俱,逮,下,詔,獄,又,二,日,寇,始,北,去,京,師,解,嚴,初,諜,者,言,寇,將,窺,墻,子,嶺,部,檄,嚴,待,之,而,三,衛,為,寇,導,者,紿,選,赴,潘,家,口,寇,已,入,選,紳,懼,得,罪,徑,趨,都,城,屯,東,直,門,外,旋,還,通,州,及,遣,鎮,等,禦,又,不,勝,內,侍,家,薊,西,者,嘩,言,通,漢,父,子,實,召,寇,帝,入,其,言,益,怒,法,司,坐,選,紳,詔,守,備,不,設,律,斬,鎰,等,戍
17,O,O,O,O,O,O,B-date-reign,I-date-reign,B-date-year,I-date-year,I-date-year,O,O,B-office-title,I-office-title,I-office-title,I-office-title,I-office-title,I-office-title,I-office-title,I-office-title,I-office-title,I-office-title,I-office-title,I-office-title,I-office-title,I-office-title,I-office-title,I-office-title,I-office-title,I-office-title,I-office-title,I-office-title,I-office-title,I-office-title,I-office-title,I-office-title,I-office-title,I-office-title,I-office-title,I-office-title,I-office-title,I-office-title,I-office-title,I-office-title,I-office-title,I-office-title,I-office-title,I-office-title,I-office-title,I-office-title,I-office-title,I-office-title,I-office-title,I-office-title,I-office-title,I-office-title,I-office-title,I-office-title,I-office-title,I-office-title,I-office-title,I-office-title,I-office-title,I-office-title,I-office-title,I-office-title,I-office-title,I-office-title,I-office-title,I-office-title,I-office-title,I-office-title,I-office-title,B-office-voa,B-office-title,I-office-title,I-office-title,I-office-title,I-office-title,I-office-title,I-office-title,I-office-title,I-office-title,I-office-title,I-office-title,I-office-title,I-office-title,I-office-title,I-office-title,I-office-title,I-office-title,I-office-title,I-office-title,I-office-title,I-office-title,O,B-office-title,I-office-title,I-office-title,I-office-title,I-office-title,I-office-title,I-office-title,B-office-voa,B-office-title,I-office-title,I-office-title,I-office-title,I-office-title,I-office-title,O,O,O,I-office-title,I-office-title,I-office-title,B-office-voa,B-office-title,I-office-title,I-office-title,I-office-title,I-office-title,I-office-title,I-office-title,I-office-title,I-office-title,I-office-title,I-office-title,I-office-title,I-office-title,I-office-title,I-office-title,I-office-title,I-office-title,I-office-title,I-office-title,I-office-title,I-office-title,I-office-title,I-office-title,I-office-title,I-office-title,I-office-title,I-office-title,I-office-title,I-office-title,I-office-title,I-office-title,I-office-title,I-office-title,I-office-title,I-office-title,I-office-title,I-office-title,I-office-title,I-office-title,I-office-title,I-office-title,I-office-title,I-office-title,I-office-title,I-office-title,B-office-title,I-office-title,I-office-title,I-office-title,I-office-title,I-office-title,I-office-title,I-office-title,I-office-title,I-office-title,I-office-title,I-office-title,I-office-title,O,O,O,O,O,B-office-title,I-office-title,I-office-title,I-office-title,I-office-title,I-office-title,I-office-title,B-office-voa,B-office-title,I-office-title,I-office-title,I-office-title,I-office-title,I-office-title,I-office-title,I-office-title,I-office-title,I-office-title,I-office-title,B-office-title,I-office-title,I-office-title,I-office-title,I-office-title,I-office-title,I-office-title,I-office-title,I-office-title,O,I-office-title,I-office-title,I-office-title,I-office-title,I-office-title,I-office-title,I-office-title,I-office-title,O,O,O,O,O,O,O,O,O,O,O,O,O,O,O,O,O,O,O,O,O,O,O,O,O,O,O,O,O,O,I-office-title,I-office-title,I-office-title,I-office-title,I-office-title,I-office-title,I-office-title,I-office-title,O,O,O,O,O,O,O,O,O,O,O,O,O,O,O,O,O,O,O,O,O,O,O,O,O,O,O,O,O,O,O,B-office-title,I-office-title,I-office-title,I-office-title,B-office-voa,B-office-title,I-office-title,I-office-title,I-office-title,I-office-title,I-office-title,O,O,I-office-title,I-office-title,I-office-title,I-office-title,I-office-title,I-office-title,I-office-title,I-office-title,I-office-title,I-office-title,I-office-title,B-office-voa,B-office-title,I-office-title,I-office-title,O,O,O,I-office-title,I-office-title,I-office-title,I-office-title,O,O,O,I-office-title,I-office-title,I-office-title,I-office-title,I-office-title,O,I-office-title,O,O,O,O,I-office-title,O,O,O,O,B-office-voa,B-office-title,I-office-title,I-office-title,I-office-title,I-office-title,I-office-title,I-office-title,I-office-title,I-office-title,I-office-title,I-office-title,I-office-title,I-office-title,I-office-title,I-office-title,I-office-title,I-office-title,I-office-title,I-office-title,I-office-title,I-office-title,I-office-title,I-office-title,I-office-title,I-office-title,I-office-title,I-office-title,I-office-title,I-office-title,I-office-title,I-office-title,I-office-title,I-office-title,I-office-title,I-office-title,I-office-title,I-office-title,I-office-title,I-office-title,I-office-title,I-office-title,I-office-title,I-office-title,I-office-title,I-office-title,I-office-title,I-office-title,I-office-title,I-office-title,I-office-title,I-office-title,I-office-title,I-office-title,I-office-title,I-office-title,I-office-title,I-office-title,I-office-title,I-office-title,I-office-title,I-office-title,I-office-title,I-office-title,I-office-title,I-office-title,I-office-title,I-office-title,I-office-title,I-office-title,I-office-title,I-office-title,I-office-title,I-office-title,I-office-title,I-office-title,I-office-title,I-office-title,I-office-title,I-office-title,I-office-title,I-office-title,I-office-title,I-office-title,I-office-title,I-office-title,I-office-title,I-office-title,I-office-title,I-office-title,I-office-title,I-office-title,I-office-title,I-office-title,I-office-title,I-office-title,I-office-title,I-office-title,I-office-title,I-office-title,I-office-title,I-office-title,I-office-title,I-office-title,I-office-title,I-office-title,I-office-title,I-office-title,I-office-title,I-office-title,I-office-title,I-office-title,I-office-title,I-office-title,I-office-title,I-office-title,I-office-title,I-office-title,I-office-title,I-office-title,I-office-title,I-office-title,I-office-title,I-office-title,I-office-title,I-office-title,I-office-title,I-office-title,I-office-title,I-office-title,I-office-title,I-office-title,I-office-title,I-office-title,I-office-title,I-office-title,I-office-title,I-office-title,I-office-title,I-office-title,I-office-title,I-office-title,I-office-title,I-office-title,I-office-title,I-office-title,I-office-title,I-office-title,I-office-title,I-office-title,I-office-title,I-office-title,I-office-title,I-office-title,I-office-title,I-office-title,I-office-title,I-office-title,I-office-title,I-office-title,I-office-title,I-office-title,I-office-title,I-office-title,I-office-title,I-office-title,I-office-title,I-office-title,O,0,0
